prediction,customer_count,avg_recency,avg_frequency,avg_monetary
0,7674,718.4821475110764,2.940448266875163,7827.006776127183
1,8321,135.9149140728278,8.451267876457157,24530.793414253094
2,18685,183.3180090982071,5.7278565694407275,15650.309927749531
3,14993,192.7677582872007,3.340692323084106,8319.313012739278
